Measurement,Left CP,Right CP,Combined CR,Left CR,Right CR
0,32,31,6.777777777777778,13.34375,13.774193548387096
1,31,36,6.373134328358209,13.774193548387096,11.86111111111111
2,41,37,5.4743589743589745,10.414634146341463,11.54054054054054
3,38,53,4.6923076923076925,11.236842105263158,8.056603773584905
4,52,41,4.591397849462366,8.211538461538462,10.414634146341463
5,50,74,3.443548387096774,8.54,5.77027027027027
6,51,54,4.066666666666666,8.372549019607844,7.907407407407407
7,40,48,4.8522727272727275,10.675,8.895833333333334
8,41,42,5.144578313253012,10.414634146341463,10.166666666666666
9,31,28,7.237288135593221,13.774193548387096,15.25
10,25,22,9.085106382978724,17.08,19.40909090909091
11,24,23,9.085106382978724,17.791666666666668,18.565217391304348
12,22,24,9.282608695652174,19.40909090909091,17.791666666666668
13,25,20,9.488888888888889,17.08,21.35
14,24,21,9.488888888888889,17.791666666666668,20.333333333333332
15,23,26,8.714285714285714,18.565217391304348,16.423076923076923
16,25,26,8.372549019607844,17.08,16.423076923076923
17,30,23,8.056603773584905,14.233333333333333,18.565217391304348
18,26,24,8.54,16.423076923076923,17.791666666666668
19,32,29,7.0,13.34375,14.724137931034482
20,27,27,7.907407407407407,15.814814814814815,15.814814814814815
21,37,27,6.671875,11.54054054054054,15.814814814814815
22,52,44,4.447916666666667,8.211538461538462,9.704545454545455
23,35,29,6.671875,12.2,14.724137931034482
24,32,25,7.491228070175438,13.34375,17.08
25,45,34,5.405063291139241,9.488888888888889,12.558823529411764
26,40,41,5.271604938271605,10.675,10.414634146341463
27,51,38,4.797752808988764,8.372549019607844,11.236842105263158
28,68,55,3.4715447154471546,6.279411764705882,7.763636363636364
29,55,50,4.066666666666666,7.763636363636364,8.54
30,53,44,4.402061855670103,8.056603773584905,9.704545454545455
31,48,47,4.494736842105263,8.895833333333334,9.085106382978724
32,30,27,7.491228070175438,14.233333333333333,15.814814814814815
33,26,22,8.895833333333334,16.423076923076923,19.40909090909091
34,21,22,9.930232558139535,20.333333333333332,19.40909090909091
35,29,22,8.372549019607844,14.724137931034482,19.40909090909091
36,23,21,9.704545454545455,18.565217391304348,20.333333333333332
37,21,27,8.895833333333334,20.333333333333332,15.814814814814815
38,24,27,8.372549019607844,17.791666666666668,15.814814814814815
39,28,27,7.763636363636364,15.25,15.814814814814815
40,29,25,7.907407407407407,14.724137931034482,17.08
41,29,29,7.362068965517241,14.724137931034482,14.724137931034482
42,29,32,7.0,14.724137931034482,13.34375
43,38,27,6.569230769230769,11.236842105263158,15.814814814814815
44,43,43,4.965116279069767,9.930232558139535,9.930232558139535
45,33,29,6.887096774193548,12.93939393939394,14.724137931034482
46,32,31,6.777777777777778,13.34375,13.774193548387096
47,42,39,5.271604938271605,10.166666666666666,10.948717948717949
48,41,45,4.965116279069767,10.414634146341463,9.488888888888889
49,60,44,4.105769230769231,7.116666666666666,9.704545454545455
50,69,53,3.5,6.188405797101449,8.056603773584905
51,49,47,4.447916666666667,8.714285714285714,9.085106382978724
52,49,41,4.7444444444444445,8.714285714285714,10.414634146341463
53,48,32,5.3375,8.895833333333334,13.34375
54,30,26,7.625,14.233333333333333,16.423076923076923
55,28,23,8.372549019607844,15.25,18.565217391304348
56,22,23,9.488888888888889,19.40909090909091,18.565217391304348
57,27,20,9.085106382978724,15.814814814814815,21.35
58,24,23,9.085106382978724,17.791666666666668,18.565217391304348
59,26,25,8.372549019607844,16.423076923076923,17.08
60,24,30,7.907407407407407,17.791666666666668,14.233333333333333
61,31,30,7.0,13.774193548387096,14.233333333333333
62,30,23,8.056603773584905,14.233333333333333,18.565217391304348
63,29,35,6.671875,14.724137931034482,12.2
64,27,33,7.116666666666666,15.814814814814815,12.93939393939394
65,39,30,6.188405797101449,10.948717948717949,14.233333333333333
66,49,41,4.7444444444444445,8.714285714285714,10.414634146341463
67,38,29,6.373134328358209,11.236842105263158,14.724137931034482
68,35,31,6.46969696969697,12.2,13.774193548387096
69,44,39,5.144578313253012,9.704545454545455,10.948717948717949
70,45,45,4.7444444444444445,9.488888888888889,9.488888888888889
71,73,38,3.8468468468468466,5.8493150684931505,11.236842105263158
72,88,42,3.2846153846153845,4.8522727272727275,10.166666666666666
73,54,42,4.447916666666667,7.907407407407407,10.166666666666666
74,58,38,4.447916666666667,7.362068965517241,11.236842105263158
75,56,33,4.797752808988764,7.625,12.93939393939394
76,32,26,7.362068965517241,13.34375,16.423076923076923
77,29,20,8.714285714285714,14.724137931034482,21.35
78,21,23,9.704545454545455,20.333333333333332,18.565217391304348
79,27,24,8.372549019607844,15.814814814814815,17.791666666666668
80,25,25,8.54,17.08,17.08
81,29,27,7.625,14.724137931034482,15.814814814814815
82,32,29,7.0,13.34375,14.724137931034482
83,28,27,7.763636363636364,15.25,15.814814814814815
84,27,25,8.211538461538462,15.814814814814815,17.08
85,27,34,7.0,15.814814814814815,12.558823529411764
86,32,27,7.237288135593221,13.34375,15.814814814814815
87,38,32,6.1,11.236842105263158,13.34375
88,53,38,4.6923076923076925,8.056603773584905,11.236842105263158
89,37,29,6.46969696969697,11.54054054054054,14.724137931034482
90,42,35,5.545454545454546,10.166666666666666,12.2
91,53,37,4.7444444444444445,8.056603773584905,11.54054054054054
92,49,46,4.494736842105263,8.714285714285714,9.282608695652174
93,75,40,3.7130434782608694,5.693333333333333,10.675
94,83,33,3.6810344827586206,5.144578313253012,12.93939393939394
95,66,42,3.9537037037037037,6.46969696969697,10.166666666666666
96,64,35,4.313131313131313,6.671875,12.2
97,55,27,5.2073170731707314,7.763636363636364,15.814814814814815
98,38,25,6.777777777777778,11.236842105263158,17.08
99,30,21,8.372549019607844,14.233333333333333,20.333333333333332
100,22,24,9.282608695652174,19.40909090909091,17.791666666666668
101,26,24,8.54,16.423076923076923,17.791666666666668
102,25,29,7.907407407407407,17.08,14.724137931034482
103,29,26,7.763636363636364,14.724137931034482,16.423076923076923
104,28,30,7.362068965517241,15.25,14.233333333333333
105,27,22,8.714285714285714,15.814814814814815,19.40909090909091
106,29,24,8.056603773584905,14.724137931034482,17.791666666666668
107,25,29,7.907407407407407,17.08,14.724137931034482
108,32,26,7.362068965517241,13.34375,16.423076923076923
109,38,29,6.373134328358209,11.236842105263158,14.724137931034482
110,52,43,4.494736842105263,8.211538461538462,9.930232558139535
111,49,35,5.083333333333333,8.714285714285714,12.2
112,42,31,5.8493150684931505,10.166666666666666,13.774193548387096
113,53,37,4.7444444444444445,8.056603773584905,11.54054054054054
114,69,46,3.7130434782608694,6.188405797101449,9.282608695652174
115,80,32,3.8125,5.3375,13.34375
116,90,40,3.2846153846153845,4.7444444444444445,10.675
117,71,34,4.066666666666666,6.014084507042254,12.558823529411764
118,67,39,4.028301886792453,6.373134328358209,10.948717948717949
119,61,26,4.908045977011494,7.0,16.423076923076923
120,41,25,6.46969696969697,10.414634146341463,17.08
121,32,20,8.211538461538462,13.34375,21.35
122,24,25,8.714285714285714,17.791666666666668,17.08
123,24,28,8.211538461538462,17.791666666666668,15.25
124,29,25,7.907407407407407,14.724137931034482,17.08
125,31,28,7.237288135593221,13.774193548387096,15.25
126,26,33,7.237288135593221,16.423076923076923,12.93939393939394
127,30,29,7.237288135593221,14.233333333333333,14.724137931034482
128,32,26,7.362068965517241,13.34375,16.423076923076923
129,26,29,7.763636363636364,16.423076923076923,14.724137931034482
130,29,27,7.625,14.724137931034482,15.814814814814815
131,43,30,5.8493150684931505,9.930232558139535,14.233333333333333
132,56,48,4.105769230769231,7.625,8.895833333333334
133,50,36,4.965116279069767,8.54,11.86111111111111
134,48,34,5.2073170731707314,8.895833333333334,12.558823529411764
135,62,44,4.028301886792453,6.887096774193548,9.704545454545455
136,76,39,3.7130434782608694,5.618421052631579,10.948717948717949
137,91,37,3.3359375,4.6923076923076925,11.54054054054054
138,103,38,3.028368794326241,4.145631067961165,11.236842105263158
139,70,36,4.028301886792453,6.1,11.86111111111111
140,71,41,3.8125,6.014084507042254,10.414634146341463
141,64,25,4.797752808988764,6.671875,17.08
142,47,21,6.279411764705882,9.085106382978724,20.333333333333332
143,32,21,8.056603773584905,13.34375,20.333333333333332
144,23,26,8.714285714285714,18.565217391304348,16.423076923076923
145,25,27,8.211538461538462,17.08,15.814814814814815
146,27,27,7.907407407407407,15.814814814814815,15.814814814814815
147,34,28,6.887096774193548,12.558823529411764,15.25
148,26,26,8.211538461538462,16.423076923076923,16.423076923076923
149,27,24,8.372549019607844,15.814814814814815,17.791666666666668
150,36,28,6.671875,11.86111111111111,15.25
151,29,34,6.777777777777778,14.724137931034482,12.558823529411764
152,29,29,7.362068965517241,14.724137931034482,14.724137931034482
153,43,34,5.545454545454546,9.930232558139535,12.558823529411764
154,55,60,3.7130434782608694,7.763636363636364,7.116666666666666
155,47,30,5.545454545454546,9.085106382978724,14.233333333333333
156,60,32,4.641304347826087,7.116666666666666,13.34375
157,82,43,3.416,5.2073170731707314,9.930232558139535
158,77,46,3.4715447154471546,5.545454545454546,9.282608695652174
159,95,43,3.0942028985507246,4.494736842105263,9.930232558139535
160,76,41,3.6495726495726495,5.618421052631579,10.414634146341463
161,80,37,3.6495726495726495,5.3375,11.54054054054054
162,76,35,3.8468468468468466,5.618421052631579,12.2
163,72,27,4.313131313131313,5.930555555555555,15.814814814814815
164,46,23,6.188405797101449,9.282608695652174,18.565217391304348
165,30,22,8.211538461538462,14.233333333333333,19.40909090909091
166,24,23,9.085106382978724,17.791666666666668,18.565217391304348
167,26,30,7.625,16.423076923076923,14.233333333333333
168,28,30,7.362068965517241,15.25,14.233333333333333
169,34,29,6.777777777777778,12.558823529411764,14.724137931034482
170,28,29,7.491228070175438,15.25,14.724137931034482
171,27,25,8.211538461538462,15.814814814814815,17.08
172,36,26,6.887096774193548,11.86111111111111,16.423076923076923
173,34,38,5.930555555555555,12.558823529411764,11.236842105263158
174,31,32,6.777777777777778,13.774193548387096,13.34375
175,51,38,4.797752808988764,8.372549019607844,11.236842105263158
176,56,59,3.7130434782608694,7.625,7.237288135593221
177,37,35,5.930555555555555,11.54054054054054,12.2
178,71,37,3.9537037037037037,6.014084507042254,11.54054054054054
179,100,47,2.9047619047619047,4.27,9.085106382978724
180,94,39,3.210526315789474,4.542553191489362,10.948717948717949
181,76,43,3.588235294117647,5.618421052631579,9.930232558139535
182,91,52,2.986013986013986,4.6923076923076925,8.211538461538462
183,81,31,3.8125,5.271604938271605,13.774193548387096
184,88,40,3.3359375,4.8522727272727275,10.675
185,59,26,5.023529411764706,7.237288135593221,16.423076923076923
186,57,24,5.271604938271605,7.491228070175438,17.791666666666668
187,32,20,8.211538461538462,13.34375,21.35
188,23,24,9.085106382978724,18.565217391304348,17.791666666666668
189,26,36,6.887096774193548,16.423076923076923,11.86111111111111
190,28,31,7.237288135593221,15.25,13.774193548387096
191,31,35,6.46969696969697,13.774193548387096,12.2
192,25,28,8.056603773584905,17.08,15.25
193,29,27,7.625,14.724137931034482,15.814814814814815
194,29,27,7.625,14.724137931034482,15.814814814814815
195,33,39,5.930555555555555,12.93939393939394,10.948717948717949
196,30,28,7.362068965517241,14.233333333333333,15.25
197,46,38,5.083333333333333,9.282608695652174,11.236842105263158
198,45,51,4.447916666666667,9.488888888888889,8.372549019607844
199,34,40,5.77027027027027,12.558823529411764,10.675
200,54,37,4.6923076923076925,7.907407407407407,11.54054054054054
201,86,53,3.0719424460431655,4.965116279069767,8.056603773584905
202,86,44,3.2846153846153845,4.965116279069767,9.704545454545455
203,90,45,3.162962962962963,4.7444444444444445,9.488888888888889
204,104,34,3.0942028985507246,4.105769230769231,12.558823529411764
205,92,28,3.558333333333333,4.641304347826087,15.25
206,84,31,3.7130434782608694,5.083333333333333,13.774193548387096
207,59,24,5.144578313253012,7.237288135593221,17.791666666666668
208,55,23,5.4743589743589745,7.763636363636364,18.565217391304348
209,35,20,7.763636363636364,12.2,21.35
210,23,25,8.895833333333334,18.565217391304348,17.08
211,26,34,7.116666666666666,16.423076923076923,12.558823529411764
212,29,31,7.116666666666666,14.724137931034482,13.774193548387096
213,34,43,5.545454545454546,12.558823529411764,9.930232558139535
214,24,37,7.0,17.791666666666668,11.54054054054054
215,29,31,7.116666666666666,14.724137931034482,13.774193548387096
216,24,30,7.907407407407407,17.791666666666668,14.233333333333333
217,33,32,6.569230769230769,12.93939393939394,13.34375
218,33,32,6.569230769230769,12.93939393939394,13.34375
219,44,38,5.2073170731707314,9.704545454545455,11.236842105263158
220,56,47,4.145631067961165,7.625,9.085106382978724
221,47,42,4.797752808988764,9.085106382978724,10.166666666666666
222,66,36,4.186274509803922,6.46969696969697,11.86111111111111
223,80,38,3.6186440677966103,5.3375,11.236842105263158
224,93,45,3.0942028985507246,4.591397849462366,9.488888888888889
225,105,37,3.007042253521127,4.066666666666666,11.54054054054054
226,95,35,3.2846153846153845,4.494736842105263,12.2
227,103,27,3.2846153846153845,4.145631067961165,15.814814814814815
228,81,30,3.8468468468468466,5.271604938271605,14.233333333333333
229,60,23,5.144578313253012,7.116666666666666,18.565217391304348
230,48,24,5.930555555555555,8.895833333333334,17.791666666666668
231,31,18,8.714285714285714,13.774193548387096,23.72222222222222
232,24,24,8.895833333333334,17.791666666666668,17.791666666666668
233,26,43,6.188405797101449,16.423076923076923,9.930232558139535
234,29,37,6.46969696969697,14.724137931034482,11.54054054054054
235,33,51,5.083333333333333,12.93939393939394,8.372549019607844
236,22,42,6.671875,19.40909090909091,10.166666666666666
237,25,40,6.569230769230769,17.08,10.675
238,26,37,6.777777777777778,16.423076923076923,11.54054054054054
239,31,32,6.777777777777778,13.774193548387096,13.34375
240,37,39,5.618421052631579,11.54054054054054,10.948717948717949
241,37,42,5.405063291139241,11.54054054054054,10.166666666666666
242,58,74,3.234848484848485,7.362068965517241,5.77027027027027
243,51,39,4.7444444444444445,8.372549019607844,10.948717948717949
244,64,34,4.357142857142857,6.671875,12.558823529411764
245,86,32,3.6186440677966103,4.965116279069767,13.34375
246,104,35,3.0719424460431655,4.105769230769231,12.2
247,114,39,2.7908496732026142,3.745614035087719,10.948717948717949
248,97,27,3.443548387096774,4.402061855670103,15.814814814814815
249,95,27,3.5,4.494736842105263,15.814814814814815
250,77,36,3.7787610619469025,5.545454545454546,11.86111111111111
251,67,24,4.6923076923076925,6.373134328358209,17.791666666666668
252,52,23,5.693333333333333,8.211538461538462,18.565217391304348
253,30,18,8.895833333333334,14.233333333333333,23.72222222222222
254,25,27,8.211538461538462,17.08,15.814814814814815
255,27,40,6.373134328358209,15.814814814814815,10.675
256,31,31,6.887096774193548,13.774193548387096,13.774193548387096
257,30,51,5.271604938271605,14.233333333333333,8.372549019607844
258,20,46,6.46969696969697,21.35,9.282608695652174
259,26,39,6.569230769230769,16.423076923076923,10.948717948717949
260,27,46,5.8493150684931505,15.814814814814815,9.282608695652174
261,27,41,6.279411764705882,15.814814814814815,10.414634146341463
262,33,49,5.2073170731707314,12.93939393939394,8.714285714285714
263,37,37,5.77027027027027,11.54054054054054,11.54054054054054
264,59,86,2.9448275862068964,7.237288135593221,4.965116279069767
265,52,37,4.797752808988764,8.211538461538462,11.54054054054054
266,72,35,3.9906542056074765,5.930555555555555,12.2
267,81,30,3.8468468468468466,5.271604938271605,14.233333333333333
268,105,33,3.0942028985507246,4.066666666666666,12.93939393939394
269,95,37,3.234848484848485,4.494736842105263,11.54054054054054
270,94,30,3.443548387096774,4.542553191489362,14.233333333333333
271,83,27,3.881818181818182,5.144578313253012,15.814814814814815
272,72,31,4.145631067961165,5.930555555555555,13.774193548387096
273,64,23,4.908045977011494,6.671875,18.565217391304348
274,53,22,5.693333333333333,8.056603773584905,19.40909090909091
275,30,19,8.714285714285714,14.233333333333333,22.473684210526315
276,25,30,7.763636363636364,17.08,14.233333333333333
277,24,45,6.188405797101449,17.791666666666668,9.488888888888889
278,28,37,6.569230769230769,15.25,11.54054054054054
279,29,46,5.693333333333333,14.724137931034482,9.282608695652174
280,21,58,5.405063291139241,20.333333333333332,7.362068965517241
281,20,56,5.618421052631579,21.35,7.625
282,27,46,5.8493150684931505,15.814814814814815,9.282608695652174
283,23,48,6.014084507042254,18.565217391304348,8.895833333333334
284,30,46,5.618421052631579,14.233333333333333,9.282608695652174
285,35,48,5.144578313253012,12.2,8.895833333333334
286,60,70,3.2846153846153845,7.116666666666666,6.1
287,54,34,4.8522727272727275,7.907407407407407,12.558823529411764
288,57,36,4.591397849462366,7.491228070175438,11.86111111111111
289,97,29,3.388888888888889,4.402061855670103,14.724137931034482
290,93,34,3.3622047244094486,4.591397849462366,12.558823529411764
291,97,27,3.443548387096774,4.402061855670103,15.814814814814815
292,86,28,3.745614035087719,4.965116279069767,15.25
293,97,26,3.4715447154471546,4.402061855670103,16.423076923076923
294,77,29,4.028301886792453,5.545454545454546,14.724137931034482
295,62,22,5.083333333333333,6.887096774193548,19.40909090909091
296,50,22,5.930555555555555,8.54,19.40909090909091
297,27,20,9.085106382978724,15.814814814814815,21.35
298,24,25,8.714285714285714,17.791666666666668,17.08
299,24,38,6.887096774193548,17.791666666666668,11.236842105263158
300,27,40,6.373134328358209,15.814814814814815,10.675
301,25,42,6.373134328358209,17.08,10.166666666666666
302,20,65,5.023529411764706,21.35,6.569230769230769
303,19,56,5.693333333333333,22.473684210526315,7.625
304,23,58,5.271604938271605,18.565217391304348,7.362068965517241
305,22,47,6.188405797101449,19.40909090909091,9.085106382978724
306,37,45,5.2073170731707314,11.54054054054054,9.488888888888889
307,35,65,4.27,12.2,6.569230769230769
308,51,82,3.210526315789474,8.372549019607844,5.2073170731707314
309,62,35,4.402061855670103,6.887096774193548,12.2
310,81,36,3.6495726495726495,5.271604938271605,11.86111111111111
311,97,30,3.3622047244094486,4.402061855670103,14.233333333333333
312,90,30,3.558333333333333,4.7444444444444445,14.233333333333333
313,101,32,3.210526315789474,4.227722772277228,13.34375
314,104,26,3.2846153846153845,4.105769230769231,16.423076923076923
315,99,25,3.443548387096774,4.313131313131313,17.08
316,85,28,3.7787610619469025,5.023529411764706,15.25
317,65,23,4.8522727272727275,6.569230769230769,18.565217391304348
318,54,23,5.545454545454546,7.907407407407407,18.565217391304348
319,30,20,8.54,14.233333333333333,21.35
320,24,31,7.763636363636364,17.791666666666668,13.774193548387096
321,25,47,5.930555555555555,17.08,9.085106382978724
322,27,51,5.4743589743589745,15.814814814814815,8.372549019607844
323,23,45,6.279411764705882,18.565217391304348,9.488888888888889
324,21,62,5.144578313253012,20.333333333333332,6.887096774193548
325,20,65,5.023529411764706,21.35,6.569230769230769
326,26,50,5.618421052631579,16.423076923076923,8.54
327,24,56,5.3375,17.791666666666668,7.625
328,31,64,4.494736842105263,13.774193548387096,6.671875
329,37,81,3.6186440677966103,11.54054054054054,5.271604938271605
330,51,94,2.9448275862068964,8.372549019607844,4.542553191489362
331,55,38,4.591397849462366,7.763636363636364,11.236842105263158
332,91,32,3.4715447154471546,4.6923076923076925,13.34375
333,80,36,3.6810344827586206,5.3375,11.86111111111111
334,99,32,3.2595419847328246,4.313131313131313,13.34375
335,98,32,3.2846153846153845,4.357142857142857,13.34375
336,110,26,3.139705882352941,3.881818181818182,16.423076923076923
337,88,32,3.558333333333333,4.8522727272727275,13.34375
338,77,27,4.105769230769231,5.545454545454546,15.814814814814815
339,55,23,5.4743589743589745,7.763636363636364,18.565217391304348
340,50,22,5.930555555555555,8.54,19.40909090909091
341,29,17,9.282608695652174,14.724137931034482,25.11764705882353
342,24,34,7.362068965517241,17.791666666666668,12.558823529411764
343,26,53,5.405063291139241,16.423076923076923,8.056603773584905
344,26,63,4.797752808988764,16.423076923076923,6.777777777777778
345,23,47,6.1,18.565217391304348,9.085106382978724
346,21,72,4.591397849462366,20.333333333333332,5.930555555555555
347,19,90,3.9174311926605503,22.473684210526315,4.7444444444444445
348,26,65,4.6923076923076925,16.423076923076923,6.569230769230769
349,24,70,4.542553191489362,17.791666666666668,6.1
350,35,75,3.881818181818182,12.2,5.693333333333333
351,37,86,3.4715447154471546,11.54054054054054,4.965116279069767
352,51,100,2.827814569536424,8.372549019607844,4.27
353,58,36,4.542553191489362,7.362068965517241,11.86111111111111
354,76,29,4.066666666666666,5.618421052631579,14.724137931034482
355,95,36,3.2595419847328246,4.494736842105263,11.86111111111111
356,93,31,3.443548387096774,4.591397849462366,13.774193548387096
357,115,28,2.986013986013986,3.7130434782608694,15.25
358,84,25,3.9174311926605503,5.083333333333333,17.08
359,92,22,3.745614035087719,4.641304347826087,19.40909090909091
360,74,26,4.27,5.77027027027027,16.423076923076923
361,53,25,5.4743589743589745,8.056603773584905,17.08
362,51,22,5.8493150684931505,8.372549019607844,19.40909090909091
363,32,17,8.714285714285714,13.34375,25.11764705882353
364,24,28,8.211538461538462,17.791666666666668,15.25
365,27,48,5.693333333333333,15.814814814814815,8.895833333333334
366,26,75,4.227722772277228,16.423076923076923,5.693333333333333
367,27,68,4.494736842105263,15.814814814814815,6.279411764705882
368,22,90,3.8125,19.40909090909091,4.7444444444444445
369,20,67,4.908045977011494,21.35,6.373134328358209
370,26,61,4.908045977011494,16.423076923076923,7.0
371,27,84,3.8468468468468466,15.814814814814815,5.083333333333333
372,38,82,3.558333333333333,11.236842105263158,5.2073170731707314
373,37,98,3.162962962962963,11.54054054054054,4.357142857142857
374,46,100,2.9246575342465753,9.282608695652174,4.27
375,70,31,4.227722772277228,6.1,13.774193548387096
376,77,27,4.105769230769231,5.545454545454546,15.814814814814815
377,77,34,3.8468468468468466,5.545454545454546,12.558823529411764
378,89,29,3.6186440677966103,4.797752808988764,14.724137931034482
379,103,31,3.1865671641791047,4.145631067961165,13.774193548387096
380,80,30,3.881818181818182,5.3375,14.233333333333333
381,84,23,3.9906542056074765,5.083333333333333,18.565217391304348
382,76,26,4.186274509803922,5.618421052631579,16.423076923076923
383,58,25,5.144578313253012,7.362068965517241,17.08
384,55,23,5.4743589743589745,7.763636363636364,18.565217391304348
385,30,19,8.714285714285714,14.233333333333333,22.473684210526315
386,24,27,8.372549019607844,17.791666666666668,15.814814814814815
387,25,45,6.1,17.08,9.488888888888889
388,21,56,5.545454545454546,20.333333333333332,7.625
389,25,54,5.405063291139241,17.08,7.907407407407407
390,20,88,3.9537037037037037,21.35,4.8522727272727275
391,21,60,5.271604938271605,20.333333333333332,7.116666666666666
392,24,84,3.9537037037037037,17.791666666666668,5.083333333333333
393,28,88,3.6810344827586206,15.25,4.8522727272727275
394,38,87,3.416,11.236842105263158,4.908045977011494
395,37,80,3.6495726495726495,11.54054054054054,5.3375
396,49,103,2.8092105263157894,8.714285714285714,4.145631067961165
397,68,36,4.105769230769231,6.279411764705882,11.86111111111111
398,80,29,3.9174311926605503,5.3375,14.724137931034482
399,85,34,3.588235294117647,5.023529411764706,12.558823529411764
400,92,32,3.443548387096774,4.641304347826087,13.34375
401,78,30,3.9537037037037037,5.4743589743589745,14.233333333333333
402,88,31,3.588235294117647,4.8522727272727275,13.774193548387096
403,78,23,4.227722772277228,5.4743589743589745,18.565217391304348
404,67,26,4.591397849462366,6.373134328358209,16.423076923076923
405,68,26,4.542553191489362,6.279411764705882,16.423076923076923
406,49,22,6.014084507042254,8.714285714285714,19.40909090909091
407,29,19,8.895833333333334,14.724137931034482,22.473684210526315
408,23,25,8.895833333333334,18.565217391304348,17.08
409,25,45,6.1,17.08,9.488888888888889
410,24,42,6.46969696969697,17.791666666666668,10.166666666666666
411,30,43,5.8493150684931505,14.233333333333333,9.930232558139535
412,21,100,3.5289256198347108,20.333333333333332,4.27
413,22,80,4.186274509803922,19.40909090909091,5.3375
414,25,85,3.881818181818182,17.08,5.023529411764706
415,30,98,3.3359375,14.233333333333333,4.357142857142857
416,33,82,3.7130434782608694,12.93939393939394,5.2073170731707314
417,38,69,3.9906542056074765,11.236842105263158,6.188405797101449
418,44,94,3.0942028985507246,9.704545454545455,4.542553191489362
419,82,36,3.6186440677966103,5.2073170731707314,11.86111111111111
420,90,27,3.6495726495726495,4.7444444444444445,15.814814814814815
421,96,32,3.3359375,4.447916666666667,13.34375
422,81,32,3.7787610619469025,5.271604938271605,13.34375
423,91,23,3.745614035087719,4.6923076923076925,18.565217391304348
424,81,25,4.028301886792453,5.271604938271605,17.08
425,61,23,5.083333333333333,7.0,18.565217391304348
426,71,23,4.542553191489362,6.014084507042254,18.565217391304348
427,67,28,4.494736842105263,6.373134328358209,15.25
428,53,23,5.618421052631579,8.056603773584905,18.565217391304348
429,29,21,8.54,14.724137931034482,20.333333333333332
430,23,26,8.714285714285714,18.565217391304348,16.423076923076923
431,24,39,6.777777777777778,17.791666666666668,10.948717948717949
432,23,36,7.237288135593221,18.565217391304348,11.86111111111111
433,31,63,4.542553191489362,13.774193548387096,6.777777777777778
434,25,68,4.591397849462366,17.08,6.279411764705882
435,22,86,3.9537037037037037,19.40909090909091,4.965116279069767
436,23,90,3.7787610619469025,18.565217391304348,4.7444444444444445
437,39,102,3.028368794326241,10.948717948717949,4.186274509803922
438,35,74,3.9174311926605503,12.2,5.77027027027027
439,39,78,3.6495726495726495,10.948717948717949,5.4743589743589745
440,44,97,3.028368794326241,9.704545454545455,4.402061855670103
441,99,41,3.05,4.313131313131313,10.414634146341463
442,70,30,4.27,6.1,14.233333333333333
443,89,32,3.5289256198347108,4.797752808988764,13.34375
444,84,32,3.6810344827586206,5.083333333333333,13.34375
445,87,21,3.9537037037037037,4.908045977011494,20.333333333333332
446,77,23,4.27,5.545454545454546,18.565217391304348
447,57,23,5.3375,7.491228070175438,18.565217391304348
448,54,23,5.545454545454546,7.907407407407407,18.565217391304348
449,57,29,4.965116279069767,7.491228070175438,14.724137931034482
450,52,22,5.77027027027027,8.211538461538462,19.40909090909091
451,32,21,8.056603773584905,13.34375,20.333333333333332
452,24,28,8.211538461538462,17.791666666666668,15.25
453,26,42,6.279411764705882,16.423076923076923,10.166666666666666
454,23,51,5.77027027027027,18.565217391304348,8.372549019607844
455,29,66,4.494736842105263,14.724137931034482,6.46969696969697
456,25,98,3.4715447154471546,17.08,4.357142857142857
457,23,108,3.2595419847328246,18.565217391304348,3.9537037037037037
458,30,110,3.05,14.233333333333333,3.881818181818182
459,37,118,2.7548387096774194,11.54054054054054,3.6186440677966103
460,37,86,3.4715447154471546,11.54054054054054,4.965116279069767
461,39,90,3.310077519379845,10.948717948717949,4.7444444444444445
462,47,84,3.2595419847328246,9.085106382978724,5.083333333333333
463,81,43,3.443548387096774,5.271604938271605,9.930232558139535
464,60,33,4.591397849462366,7.116666666666666,12.93939393939394
465,57,36,4.591397849462366,7.491228070175438,11.86111111111111
466,92,32,3.443548387096774,4.641304347826087,13.34375
467,80,21,4.227722772277228,5.3375,20.333333333333332
468,55,23,5.4743589743589745,7.763636363636364,18.565217391304348
469,47,26,5.8493150684931505,9.085106382978724,16.423076923076923
470,59,25,5.083333333333333,7.237288135593221,17.08
471,60,27,4.908045977011494,7.116666666666666,15.814814814814815
472,56,24,5.3375,7.625,17.791666666666668
473,33,21,7.907407407407407,12.93939393939394,20.333333333333332
474,23,27,8.54,18.565217391304348,15.814814814814815
475,26,32,7.362068965517241,16.423076923076923,13.34375
476,25,51,5.618421052631579,17.08,8.372549019607844
477,26,83,3.9174311926605503,16.423076923076923,5.144578313253012
478,23,90,3.7787610619469025,18.565217391304348,4.7444444444444445
479,29,110,3.0719424460431655,14.724137931034482,3.881818181818182
480,31,116,2.9047619047619047,13.774193548387096,3.6810344827586206
481,39,107,2.9246575342465753,10.948717948717949,3.9906542056074765
482,33,69,4.186274509803922,12.93939393939394,6.188405797101449
483,42,68,3.881818181818182,10.166666666666666,6.279411764705882
484,49,80,3.310077519379845,8.714285714285714,5.3375
485,86,46,3.234848484848485,4.965116279069767,9.282608695652174
486,68,36,4.105769230769231,6.279411764705882,11.86111111111111
487,89,38,3.3622047244094486,4.797752808988764,11.236842105263158
488,85,27,3.8125,5.023529411764706,15.814814814814815
489,74,26,4.27,5.77027027027027,16.423076923076923
490,71,24,4.494736842105263,6.014084507042254,17.791666666666668
491,59,26,5.023529411764706,7.237288135593221,16.423076923076923
492,52,26,5.4743589743589745,8.211538461538462,16.423076923076923
493,51,25,5.618421052631579,8.372549019607844,17.08
494,53,25,5.4743589743589745,8.056603773584905,17.08
495,32,21,8.056603773584905,13.34375,20.333333333333332
496,23,28,8.372549019607844,18.565217391304348,15.25
497,25,38,6.777777777777778,17.08,11.236842105263158
498,25,55,5.3375,17.08,7.763636363636364
499,30,75,4.066666666666666,14.233333333333333,5.693333333333333
500,30,103,3.210526315789474,14.233333333333333,4.145631067961165
501,31,121,2.8092105263157894,13.774193548387096,3.5289256198347108
502,33,122,2.7548387096774194,12.93939393939394,3.5
503,45,116,2.652173913043478,9.488888888888889,3.6810344827586206
504,41,83,3.443548387096774,10.414634146341463,5.144578313253012
505,41,87,3.3359375,10.414634146341463,4.908045977011494
506,50,76,3.388888888888889,8.54,5.618421052631579
507,93,44,3.116788321167883,4.591397849462366,9.704545454545455
508,87,34,3.5289256198347108,4.908045977011494,12.558823529411764
509,71,34,4.066666666666666,6.014084507042254,12.558823529411764
510,81,28,3.9174311926605503,5.271604938271605,15.25
511,66,23,4.797752808988764,6.46969696969697,18.565217391304348
512,62,24,4.965116279069767,6.887096774193548,17.791666666666668
513,54,23,5.545454545454546,7.907407407407407,18.565217391304348
514,76,23,4.313131313131313,5.618421052631579,18.565217391304348
515,61,28,4.797752808988764,7.0,15.25
516,49,22,6.014084507042254,8.714285714285714,19.40909090909091
517,28,21,8.714285714285714,15.25,20.333333333333332
518,22,25,9.085106382978724,19.40909090909091,17.08
519,24,41,6.569230769230769,17.791666666666668,10.414634146341463
520,22,53,5.693333333333333,19.40909090909091,8.056603773584905
521,28,70,4.357142857142857,15.25,6.1
522,29,112,3.028368794326241,14.724137931034482,3.8125
523,31,122,2.7908496732026142,13.774193548387096,3.5
524,32,105,3.116788321167883,13.34375,4.066666666666666
525,48,115,2.6196319018404908,8.895833333333334,3.7130434782608694
526,44,96,3.05,9.704545454545455,4.447916666666667
527,43,87,3.2846153846153845,9.930232558139535,4.908045977011494
528,44,57,4.227722772277228,9.704545454545455,7.491228070175438
529,95,48,2.986013986013986,4.494736842105263,8.895833333333334
530,78,38,3.6810344827586206,5.4743589743589745,11.236842105263158
531,75,36,3.8468468468468466,5.693333333333333,11.86111111111111
532,68,27,4.494736842105263,6.279411764705882,15.814814814814815
533,58,22,5.3375,7.362068965517241,19.40909090909091
534,68,24,4.641304347826087,6.279411764705882,17.791666666666668
535,75,24,4.313131313131313,5.693333333333333,17.791666666666668
536,70,21,4.6923076923076925,6.1,20.333333333333332
537,68,26,4.542553191489362,6.279411764705882,16.423076923076923
538,48,21,6.188405797101449,8.895833333333334,20.333333333333332
539,30,24,7.907407407407407,14.233333333333333,17.791666666666668
540,22,26,8.895833333333334,19.40909090909091,16.423076923076923
541,25,43,6.279411764705882,17.08,9.930232558139535
542,25,65,4.7444444444444445,17.08,6.569230769230769
543,27,75,4.186274509803922,15.814814814814815,5.693333333333333
544,32,119,2.827814569536424,13.34375,3.588235294117647
545,29,114,2.986013986013986,14.724137931034482,3.745614035087719
546,36,86,3.5,11.86111111111111,4.965116279069767
547,48,113,2.652173913043478,8.895833333333334,3.7787610619469025
548,38,93,3.2595419847328246,11.236842105263158,4.591397849462366
549,37,73,3.881818181818182,11.54054054054054,5.8493150684931505
550,45,53,4.357142857142857,9.488888888888889,8.056603773584905
551,122,47,2.526627218934911,3.5,9.085106382978724
552,70,36,4.028301886792453,6.1,11.86111111111111
553,74,36,3.881818181818182,5.77027027027027,11.86111111111111
554,79,25,4.105769230769231,5.405063291139241,17.08
555,57,23,5.3375,7.491228070175438,18.565217391304348
556,68,22,4.7444444444444445,6.279411764705882,19.40909090909091
557,66,23,4.797752808988764,6.46969696969697,18.565217391304348
558,54,25,5.405063291139241,7.907407407407407,17.08
559,52,26,5.4743589743589745,8.211538461538462,16.423076923076923
560,51,24,5.693333333333333,8.372549019607844,17.791666666666668
561,31,22,8.056603773584905,13.774193548387096,19.40909090909091
562,23,24,9.085106382978724,18.565217391304348,17.791666666666668
563,24,40,6.671875,17.791666666666668,10.675
564,27,67,4.542553191489362,15.814814814814815,6.373134328358209
565,31,73,4.105769230769231,13.774193548387096,5.8493150684931505
566,36,99,3.162962962962963,11.86111111111111,4.313131313131313
567,39,118,2.7197452229299364,10.948717948717949,3.6186440677966103
568,41,75,3.6810344827586206,10.414634146341463,5.693333333333333
569,48,99,2.9047619047619047,8.895833333333334,4.313131313131313
570,44,82,3.388888888888889,9.704545454545455,5.2073170731707314
571,37,84,3.5289256198347108,11.54054054054054,5.083333333333333
572,39,78,3.6495726495726495,10.948717948717949,5.4743589743589745
573,98,46,2.9652777777777777,4.357142857142857,9.282608695652174
574,62,38,4.27,6.887096774193548,11.236842105263158
575,72,37,3.9174311926605503,5.930555555555555,11.54054054054054
576,60,24,5.083333333333333,7.116666666666666,17.791666666666668
577,38,24,6.887096774193548,11.236842105263158,17.791666666666668
578,49,24,5.8493150684931505,8.714285714285714,17.791666666666668
579,60,23,5.144578313253012,7.116666666666666,18.565217391304348
580,73,25,4.357142857142857,5.8493150684931505,17.08
581,54,23,5.545454545454546,7.907407407407407,18.565217391304348
582,53,24,5.545454545454546,8.056603773584905,17.791666666666668
583,28,21,8.714285714285714,15.25,20.333333333333332
584,23,25,8.895833333333334,18.565217391304348,17.08
585,24,35,7.237288135593221,17.791666666666668,12.2
586,25,65,4.7444444444444445,17.08,6.569230769230769
587,30,79,3.9174311926605503,14.233333333333333,5.405063291139241
588,42,111,2.7908496732026142,10.166666666666666,3.8468468468468466
589,35,128,2.6196319018404908,12.2,3.3359375
590,35,89,3.443548387096774,12.2,4.797752808988764
591,62,100,2.6358024691358026,6.887096774193548,4.27
592,41,96,3.116788321167883,10.414634146341463,4.447916666666667
593,34,72,4.028301886792453,12.558823529411764,5.930555555555555
594,41,60,4.227722772277228,10.414634146341463,7.116666666666666
595,86,48,3.1865671641791047,4.965116279069767,8.895833333333334
596,57,37,4.542553191489362,7.491228070175438,11.54054054054054
597,62,38,4.27,6.887096774193548,11.236842105263158
598,56,25,5.271604938271605,7.625,17.08
599,42,22,6.671875,10.166666666666666,19.40909090909091
600,53,26,5.405063291139241,8.056603773584905,16.423076923076923
601,52,26,5.4743589743589745,8.211538461538462,16.423076923076923
602,51,29,5.3375,8.372549019607844,14.724137931034482
603,52,24,5.618421052631579,8.211538461538462,17.791666666666668
604,54,25,5.405063291139241,7.907407407407407,17.08
605,27,21,8.895833333333334,15.814814814814815,20.333333333333332
606,22,23,9.488888888888889,19.40909090909091,18.565217391304348
607,24,32,7.625,17.791666666666668,13.34375
608,27,66,4.591397849462366,15.814814814814815,6.46969696969697
609,32,77,3.9174311926605503,13.34375,5.545454545454546
610,46,110,2.7371794871794872,9.282608695652174,3.881818181818182
611,45,106,2.827814569536424,9.488888888888889,4.028301886792453
612,39,83,3.5,10.948717948717949,5.144578313253012
613,55,103,2.7025316455696204,7.763636363636364,4.145631067961165
614,36,90,3.388888888888889,11.86111111111111,4.7444444444444445
615,32,64,4.447916666666667,13.34375,6.671875
616,41,59,4.27,10.414634146341463,7.237288135593221
617,67,49,3.6810344827586206,6.373134328358209,8.714285714285714
618,48,35,5.144578313253012,8.895833333333334,12.2
619,46,40,4.965116279069767,9.282608695652174,10.675
620,42,28,6.1,10.166666666666666,15.25
621,39,24,6.777777777777778,10.948717948717949,17.791666666666668
622,54,26,5.3375,7.907407407407407,16.423076923076923
623,51,26,5.545454545454546,8.372549019607844,16.423076923076923
624,46,30,5.618421052631579,9.282608695652174,14.233333333333333
625,46,28,5.77027027027027,9.282608695652174,15.25
626,50,26,5.618421052631579,8.54,16.423076923076923
627,27,22,8.714285714285714,15.814814814814815,19.40909090909091
628,23,22,9.488888888888889,18.565217391304348,19.40909090909091
629,21,33,7.907407407407407,20.333333333333332,12.93939393939394
630,24,65,4.797752808988764,17.791666666666668,6.569230769230769
631,30,68,4.357142857142857,14.233333333333333,6.279411764705882
632,46,95,3.028368794326241,9.282608695652174,4.494736842105263
633,46,108,2.772727272727273,9.282608695652174,3.9537037037037037
634,54,92,2.9246575342465753,7.907407407407407,4.641304347826087
635,54,101,2.7548387096774194,7.907407407407407,4.227722772277228
636,42,89,3.2595419847328246,10.166666666666666,4.797752808988764
637,32,75,3.9906542056074765,13.34375,5.693333333333333
638,39,62,4.227722772277228,10.948717948717949,6.887096774193548
639,51,51,4.186274509803922,8.372549019607844,8.372549019607844
640,43,34,5.545454545454546,9.930232558139535,12.558823529411764
641,48,37,5.023529411764706,8.895833333333334,11.54054054054054
642,38,28,6.46969696969697,11.236842105263158,15.25
643,32,27,7.237288135593221,13.34375,15.814814814814815
644,52,29,5.271604938271605,8.211538461538462,14.724137931034482
645,46,29,5.693333333333333,9.282608695652174,14.724137931034482
646,46,33,5.405063291139241,9.282608695652174,12.93939393939394
647,48,31,5.405063291139241,8.895833333333334,13.774193548387096
648,43,25,6.279411764705882,9.930232558139535,17.08
649,26,24,8.54,16.423076923076923,17.791666666666668
650,23,23,9.282608695652174,18.565217391304348,18.565217391304348
651,21,38,7.237288135593221,20.333333333333332,11.236842105263158
652,25,61,4.965116279069767,17.08,7.0
653,39,82,3.5289256198347108,10.948717948717949,5.2073170731707314
654,54,92,2.9246575342465753,7.907407407407407,4.641304347826087
655,45,93,3.0942028985507246,9.488888888888889,4.591397849462366
656,77,96,2.468208092485549,5.545454545454546,4.447916666666667
657,57,94,2.827814569536424,7.491228070175438,4.542553191489362
658,45,82,3.3622047244094486,9.488888888888889,5.2073170731707314
659,42,61,4.145631067961165,10.166666666666666,7.0
660,47,48,4.494736842105263,9.085106382978724,8.895833333333334
661,52,50,4.186274509803922,8.211538461538462,8.54
662,41,38,5.405063291139241,10.414634146341463,11.236842105263158
663,44,32,5.618421052631579,9.704545454545455,13.34375
664,37,27,6.671875,11.54054054054054,15.814814814814815
665,35,25,7.116666666666666,12.2,17.08
666,41,30,6.014084507042254,10.414634146341463,14.233333333333333
667,40,27,6.373134328358209,10.675,15.814814814814815
668,47,34,5.271604938271605,9.085106382978724,12.558823529411764
669,40,26,6.46969696969697,10.675,16.423076923076923
670,35,24,7.237288135593221,12.2,17.791666666666668
671,24,24,8.895833333333334,17.791666666666668,17.791666666666668
672,24,23,9.085106382978724,17.791666666666668,18.565217391304348
673,23,39,6.887096774193548,18.565217391304348,10.948717948717949
674,26,61,4.908045977011494,16.423076923076923,7.0
675,42,67,3.9174311926605503,10.166666666666666,6.373134328358209
676,52,81,3.210526315789474,8.211538461538462,5.271604938271605
677,60,111,2.497076023391813,7.116666666666666,3.8468468468468466
678,63,107,2.511764705882353,6.777777777777778,3.9906542056074765
679,54,89,2.986013986013986,7.907407407407407,4.797752808988764
680,47,87,3.1865671641791047,9.085106382978724,4.908045977011494
681,36,65,4.227722772277228,11.86111111111111,6.569230769230769
682,51,42,4.591397849462366,8.372549019607844,10.166666666666666
683,44,43,4.908045977011494,9.704545454545455,9.930232558139535
684,47,38,5.023529411764706,9.085106382978724,11.236842105263158
685,40,27,6.373134328358209,10.675,15.814814814814815
686,35,33,6.279411764705882,12.2,12.93939393939394
687,34,21,7.763636363636364,12.558823529411764,20.333333333333332
688,31,32,6.777777777777778,13.774193548387096,13.34375
689,40,27,6.373134328358209,10.675,15.814814814814815
690,51,36,4.908045977011494,8.372549019607844,11.86111111111111
691,28,24,8.211538461538462,15.25,17.791666666666668
692,32,23,7.763636363636364,13.34375,18.565217391304348
693,24,24,8.895833333333334,17.791666666666668,17.791666666666668
694,24,21,9.488888888888889,17.791666666666668,20.333333333333332
695,24,36,7.116666666666666,17.791666666666668,11.86111111111111
696,33,50,5.144578313253012,12.93939393939394,8.54
697,52,65,3.6495726495726495,8.211538461538462,6.569230769230769
698,57,60,3.6495726495726495,7.491228070175438,7.116666666666666
699,60,101,2.652173913043478,7.116666666666666,4.227722772277228
700,43,82,3.416,9.930232558139535,5.2073170731707314
701,53,92,2.9448275862068964,8.056603773584905,4.641304347826087
702,39,61,4.27,10.948717948717949,7.0
703,40,54,4.542553191489362,10.675,7.907407407407407
704,46,49,4.494736842105263,9.282608695652174,8.714285714285714
705,43,43,4.965116279069767,9.930232558139535,9.930232558139535
706,43,36,5.405063291139241,9.930232558139535,11.86111111111111
707,35,28,6.777777777777778,12.2,15.25
708,33,36,6.188405797101449,12.93939393939394,11.86111111111111
709,32,24,7.625,13.34375,17.791666666666668
710,35,31,6.46969696969697,12.2,13.774193548387096
711,35,33,6.279411764705882,12.2,12.93939393939394
712,38,32,6.1,11.236842105263158,13.34375
713,31,24,7.763636363636364,13.774193548387096,17.791666666666668
714,27,22,8.714285714285714,15.814814814814815,19.40909090909091
715,25,25,8.54,17.08,17.08
716,24,22,9.282608695652174,17.791666666666668,19.40909090909091
717,25,28,8.056603773584905,17.08,15.25
718,38,49,4.908045977011494,11.236842105263158,8.714285714285714
719,56,58,3.745614035087719,7.625,7.362068965517241
720,56,84,3.05,7.625,5.083333333333333
721,51,102,2.7908496732026142,8.372549019607844,4.186274509803922
722,45,71,3.6810344827586206,9.488888888888889,6.014084507042254
723,51,67,3.6186440677966103,8.372549019607844,6.373134328358209
724,42,51,4.591397849462366,10.166666666666666,8.372549019607844
725,39,50,4.797752808988764,10.948717948717949,8.54
726,42,57,4.313131313131313,10.166666666666666,7.491228070175438
727,47,41,4.8522727272727275,9.085106382978724,10.414634146341463
728,37,29,6.46969696969697,11.54054054054054,14.724137931034482
729,37,29,6.46969696969697,11.54054054054054,14.724137931034482
730,32,33,6.569230769230769,13.34375,12.93939393939394
731,32,26,7.362068965517241,13.34375,16.423076923076923
732,30,32,6.887096774193548,14.233333333333333,13.34375
733,31,31,6.887096774193548,13.774193548387096,13.774193548387096
734,34,33,6.373134328358209,12.558823529411764,12.93939393939394
735,26,23,8.714285714285714,16.423076923076923,18.565217391304348
736,25,23,8.895833333333334,17.08,18.565217391304348
737,24,24,8.895833333333334,17.791666666666668,17.791666666666668
738,24,22,9.282608695652174,17.791666666666668,19.40909090909091
739,26,31,7.491228070175438,16.423076923076923,13.774193548387096
740,34,46,5.3375,12.558823529411764,9.282608695652174
741,53,56,3.9174311926605503,8.056603773584905,7.625
742,49,90,3.0719424460431655,8.714285714285714,4.7444444444444445
743,60,69,3.310077519379845,7.116666666666666,6.188405797101449
744,47,77,3.443548387096774,9.085106382978724,5.545454545454546
745,47,49,4.447916666666667,9.085106382978724,8.714285714285714
746,40,44,5.083333333333333,10.675,9.704545454545455
747,40,40,5.3375,10.675,10.675
748,35,42,5.545454545454546,12.2,10.166666666666666
749,56,42,4.357142857142857,7.625,10.166666666666666
750,38,30,6.279411764705882,11.236842105263158,14.233333333333333
751,40,28,6.279411764705882,10.675,15.25
752,31,28,7.237288135593221,13.774193548387096,15.25
753,33,23,7.625,12.93939393939394,18.565217391304348
754,36,29,6.569230769230769,11.86111111111111,14.724137931034482
755,27,28,7.763636363636364,15.814814814814815,15.25
756,29,30,7.237288135593221,14.724137931034482,14.233333333333333
757,22,24,9.282608695652174,19.40909090909091,17.791666666666668
758,23,25,8.895833333333334,18.565217391304348,17.08
759,23,24,9.085106382978724,18.565217391304348,17.791666666666668
760,25,24,8.714285714285714,17.08,17.791666666666668
761,29,26,7.763636363636364,14.724137931034482,16.423076923076923
762,39,41,5.3375,10.948717948717949,10.414634146341463
763,49,62,3.8468468468468466,8.714285714285714,6.887096774193548
764,47,82,3.310077519379845,9.085106382978724,5.2073170731707314
765,55,61,3.6810344827586206,7.763636363636364,7.0
766,55,63,3.6186440677966103,7.763636363636364,6.777777777777778
767,45,55,4.27,9.488888888888889,7.763636363636364
768,31,36,6.373134328358209,13.774193548387096,11.86111111111111
769,44,38,5.2073170731707314,9.704545454545455,11.236842105263158
770,33,36,6.188405797101449,12.93939393939394,11.86111111111111
771,49,47,4.447916666666667,8.714285714285714,9.085106382978724
772,34,32,6.46969696969697,12.558823529411764,13.34375
773,38,24,6.887096774193548,11.236842105263158,17.791666666666668
774,34,31,6.569230769230769,12.558823529411764,13.774193548387096
775,26,25,8.372549019607844,16.423076923076923,17.08
776,32,29,7.0,13.34375,14.724137931034482
777,26,28,7.907407407407407,16.423076923076923,15.25
778,24,24,8.895833333333334,17.791666666666668,17.791666666666668
779,24,22,9.282608695652174,17.791666666666668,19.40909090909091
780,22,23,9.488888888888889,19.40909090909091,18.565217391304348
781,25,24,8.714285714285714,17.08,17.791666666666668
782,24,23,9.085106382978724,17.791666666666668,18.565217391304348
783,29,26,7.763636363636364,14.724137931034482,16.423076923076923
784,37,42,5.405063291139241,11.54054054054054,10.166666666666666
785,51,52,4.145631067961165,8.372549019607844,8.211538461538462
786,51,66,3.6495726495726495,8.372549019607844,6.46969696969697
787,52,55,3.9906542056074765,8.211538461538462,7.763636363636364
788,44,57,4.227722772277228,9.704545454545455,7.491228070175438
789,43,45,4.8522727272727275,9.930232558139535,9.488888888888889
790,32,42,5.77027027027027,13.34375,10.166666666666666
791,37,31,6.279411764705882,11.54054054054054,13.774193548387096
792,35,31,6.46969696969697,12.2,13.774193548387096
